SimTime,Config,GraphName,N,HW_Scale_Factor,HW_Scale_Var,Comm_Scale_Var,Area_Percentage,Seed,LB_Naive,random_opt_cost,random_opt_ratio,random_partition_cost,random_bb,random_makespan,random_time,greedy_opt_cost,greedy_opt_ratio,greedy_partition_cost,greedy_bb,greedy_makespan,greedy_time,diff_gnn_opt_cost,diff_gnn_opt_ratio,diff_gnn_partition_cost,diff_gnn_bb,diff_gnn_makespan,diff_gnn_time,diff_gnn_order_opt_cost,diff_gnn_order_opt_ratio,diff_gnn_order_partition_cost,diff_gnn_order_bb,diff_gnn_order_makespan,diff_gnn_order_time,gcps_opt_cost,gcps_opt_ratio,gcps_partition_cost,gcps_bb,gcps_makespan,gcps_time,pso_opt_cost,pso_opt_ratio,pso_partition_cost,pso_bb,pso_makespan,pso_time,dbpso_opt_cost,dbpso_opt_ratio,dbpso_partition_cost,dbpso_bb,dbpso_makespan,dbpso_time,clpso_opt_cost,clpso_opt_ratio,clpso_partition_cost,clpso_bb,clpso_makespan,clpso_time,ccpso_opt_cost,ccpso_opt_ratio,ccpso_partition_cost,ccpso_bb,ccpso_makespan,ccpso_time,esa_opt_cost,esa_opt_ratio,esa_partition_cost,esa_bb,esa_makespan,esa_time,shade_opt_cost,shade_opt_ratio,shade_partition_cost,shade_bb,shade_makespan,shade_time,jade_opt_cost,jade_opt_ratio,jade_partition_cost,jade_bb,jade_makespan,jade_time,gl25_opt_cost,gl25_opt_ratio,gl25_partition_cost,gl25_bb,gl25_makespan,gl25_time
2026-02-26 07:36:59,config_mkspan_area_0.1_hw_0.1_seed_0,inputs/task_graph_topology/soda-benchmark-graphs/pytorch-graphs/squeeze_net_tosa.dot,179,0.1,0.5,1.0,0.1,0,1005.5926797560742,,,,,,,,,,,,,,,,,,,7923.149128150284,7.8790839349309865,13194.162011373137,optimize_single_point_makespan,7923.149128150284,1736.473980665207,,,,,,,,,,,,,,,,,,,,,,,,,,,,,,,,,,,,,,,,,,,,,,,,,,,,,,
2026-02-26 07:57:23,config_mkspan_area_0.1_hw_0.3_seed_1,inputs/task_graph_topology/soda-benchmark-graphs/pytorch-graphs/squeeze_net_tosa.dot,179,0.3,0.5,1.0,0.1,1,2742.479224526191,,,,,,,,,,,,,,,,,,,7251.252783808956,2.6440502152069105,12974.623546503884,optimize_single_point_makespan,7251.252783808956,1177.5510466098785,,,,,,,,,,,,,,,,,,,,,,,,,,,,,,,,,,,,,,,,,,,,,,,,,,,,,,
2026-02-26 08:12:51,config_mkspan_area_0.3_hw_0.1_seed_1,inputs/task_graph_topology/soda-benchmark-graphs/pytorch-graphs/squeeze_net_tosa.dot,179,0.1,0.5,1.0,0.3,1,914.495431384477,,,,,,,,,,,,,,,,,,,5871.094651929228,6.420037159771082,12663.30297834239,optimize_single_point_makespan,5871.094651929228,906.3064422607422,,,,,,,,,,,,,,,,,,,,,,,,,,,,,,,,,,,,,,,,,,,,,,,,,,,,,,
2026-02-26 08:29:33,config_mkspan_area_0.3_hw_0.3_seed_0,inputs/task_graph_topology/soda-benchmark-graphs/pytorch-graphs/squeeze_net_tosa.dot,179,0.3,0.5,1.0,0.3,0,3016.369355489379,,,,,,,,,,,,,,,,,,,6181.783281681213,2.049411909861508,13179.51840196798,optimize_single_point_makespan,6181.783281681213,980.1880993843079,,,,,,,,,,,,,,,,,,,,,,,,,,,,,,,,,,,,,,,,,,,,,,,,,,,,,,
2026-02-26 08:51:49,config_mkspan_area_0.3_hw_0.9_seed_1,inputs/task_graph_topology/soda-benchmark-graphs/pytorch-graphs/squeeze_net_tosa.dot,179,0.9,0.5,1.0,0.3,1,7103.137687612537,,,,,,,,,,,,,,,,,,,6342.14862249819,0.8928657871237006,14680.636956202268,optimize_single_point_makespan,6342.14862249819,1314.839136838913,,,,,,,,,,,,,,,,,,,,,,,,,,,,,,,,,,,,,,,,,,,,,,,,,,,,,,
2026-02-26 09:15:06,config_mkspan_area_0.3_hw_0.9_seed_2,inputs/task_graph_topology/soda-benchmark-graphs/pytorch-graphs/squeeze_net_tosa.dot,179,0.9,0.5,1.0,0.3,2,6779.073175355862,,,,,,,,,,,,,,,,,,,5333.949767512181,0.7868258137266942,15626.181629018316,optimize_single_point_makespan,5333.949767512181,1374.918050289154,,,,,,,,,,,,,,,,,,,,,,,,,,,,,,,,,,,,,,,,,,,,,,,,,,,,,,
2026-02-26 09:33:59,config_mkspan_area_0.3_hw_0.9_seed_3,inputs/task_graph_topology/soda-benchmark-graphs/pytorch-graphs/squeeze_net_tosa.dot,179,0.9,0.5,1.0,0.3,3,6781.9286707166075,,,,,,,,,,,,,,,,,,,6280.020576413846,0.9259933097689558,15007.882826941039,optimize_single_point_makespan,6280.020576413846,1111.9319243431091,,,,,,,,,,,,,,,,,,,,,,,,,,,,,,,,,,,,,,,,,,,,,,,,,,,,,,
2026-02-26 09:50:23,config_mkspan_area_0.5_hw_0.1_seed_0,inputs/task_graph_topology/soda-benchmark-graphs/pytorch-graphs/squeeze_net_tosa.dot,179,0.1,0.5,1.0,0.5,0,1005.5926797560742,,,,,,,,,,,,,,,,,,,3730.4827116996958,3.709735349907873,10889.59600859533,optimize_single_point_makespan,3730.4827116996958,959.2668900489807,,,,,,,,,,,,,,,,,,,,,,,,,,,,,,,,,,,,,,,,,,,,,,,,,,,,,,
2026-02-26 09:57:39,config_mkspan_area_0.7_hw_0.3_seed_1,inputs/task_graph_topology/soda-benchmark-graphs/pytorch-graphs/squeeze_net_tosa.dot,179,0.3,0.5,1.0,0.7,1,2742.479224526191,,,,,,,,,,,,,,,,,,,2943.1208269912863,1.073160664507772,11270.18583368357,optimize_single_point_makespan,2943.1208269912863,422.90450620651245,,,,,,,,,,,,,,,,,,,,,,,,,,,,,,,,,,,,,,,,,,,,,,,,,,,,,,
2026-02-26 10:04:40,config_mkspan_area_0.7_hw_0.3_seed_3,inputs/task_graph_topology/soda-benchmark-graphs/pytorch-graphs/squeeze_net_tosa.dot,179,0.3,0.5,1.0,0.7,3,2658.940824325056,,,,,,,,,,,,,,,,,,,3007.5978638768856,1.1311262877165882,10097.084603703688,optimize_single_point_makespan,3007.5978638768856,408.02863931655884,,,,,,,,,,,,,,,,,,,,,,,,,,,,,,,,,,,,,,,,,,,,,,,,,,,,,,
2026-02-26 10:12:27,config_mkspan_area_0.7_hw_0.7_seed_0,inputs/task_graph_topology/soda-benchmark-graphs/pytorch-graphs/squeeze_net_tosa.dot,179,0.7,0.5,1.0,0.7,0,6596.241530654771,,,,,,,,,,,,,,,,,,,4240.102146385769,0.6428057745733998,12317.882168354505,optimize_single_point_makespan,4240.102146385769,454.4705214500427,,,,,,,,,,,,,,,,,,,,,,,,,,,,,,,,,,,,,,,,,,,,,,,,,,,,,,
2026-02-26 10:24:41,config_mkspan_area_0.7_hw_0.9_seed_1,inputs/task_graph_topology/soda-benchmark-graphs/pytorch-graphs/squeeze_net_tosa.dot,179,0.9,0.5,1.0,0.7,1,7103.137687612537,,,,,,,,,,,,,,,,,,,5210.000842594816,0.7334787908843099,12867.132879203335,optimize_single_point_makespan,5210.000842594816,720.6924421787262,,,,,,,,,,,,,,,,,,,,,,,,,,,,,,,,,,,,,,,,,,,,,,,,,,,,,,
2026-02-26 10:31:18,config_mkspan_area_0.9_hw_0.1_seed_2,inputs/task_graph_topology/soda-benchmark-graphs/pytorch-graphs/squeeze_net_tosa.dot,179,0.1,0.5,1.0,0.9,2,896.9223739196549,,,,,,,,,,,,,,,,,,,620.5482561486454,0.6918639496490397,2522.3252151182146,optimize_single_point_makespan,620.5482561486454,384.3770434856415,,,,,,,,,,,,,,,,,,,,,,,,,,,,,,,,,,,,,,,,,,,,,,,,,,,,,,
2026-02-26 10:38:36,config_mkspan_area_0.9_hw_0.3_seed_1,inputs/task_graph_topology/soda-benchmark-graphs/pytorch-graphs/squeeze_net_tosa.dot,179,0.3,0.5,1.0,0.9,1,2742.479224526191,,,,,,,,,,,,,,,,,,,1477.8107017475852,0.5388593971948508,4661.004324653265,optimize_single_point_makespan,1477.8107017475852,424.37816619873047,,,,,,,,,,,,,,,,,,,,,,,,,,,,,,,,,,,,,,,,,,,,,,,,,,,,,,
2026-02-26 10:46:03,config_mkspan_area_0.9_hw_0.5_seed_0,inputs/task_graph_topology/soda-benchmark-graphs/pytorch-graphs/squeeze_net_tosa.dot,179,0.5,0.5,1.0,0.9,0,5020.405770995477,,,,,,,,,,,,,,,,,,,2955.080276501321,0.5886138314902322,9874.29476465305,optimize_single_point_makespan,2955.080276501321,404.1277332305908,,,,,,,,,,,,,,,,,,,,,,,,,,,,,,,,,,,,,,,,,,,,,,,,,,,,,,
